"...1","<?xml version=""1.0""?><WebTableParameter xmlns:xsi=""http://www.w3.org/2001/XMLSchema-instance"" xmlns:xsd=""http://www.w3.org/2001/XMLSchema"" xmlns=""""><DataTable Code=""TABLECODE7507"" HasMetadata=""true""><Name LocaleIsoCode=""en"">Subnational population estimates (TA, subdivision), by age and sex, at 30 June 2018-2023 (2023 boundaries)</Name><Dimension Code=""YEAR"" Display=""labels""><Name LocaleIsoCode=""en"">Year at 30 June</Name><Member Code=""2018"" HasOnlyUnitMetadata=""false""><Name LocaleIsoCode=""en"">2018</Name></Member><Member Code=""2019"" HasOnlyUnitMetadata=""false""><Name LocaleIsoCode=""en"">2019</Name></Member><Member Code=""2020"" HasOnlyUnitMetadata=""false""><Name LocaleIsoCode=""en"">2020</Name></Member><Member Code=""2021"" HasOnlyUnitMetadata=""false""><Name LocaleIsoCode=""en"">2021</Name></Member><Member Code=""2022"" HasOnlyUnitMetadata=""false""><Name LocaleIsoCode=""en"">2022</Name></Member><Member Code=""2023"" HasOnlyUnitMetadata=""false""><Name LocaleIsoCode=""en"">2023</Name></Member></Dimension><Dimension Code=""SEX"" Display=""labels""><Name LocaleIsoCode=""en"">Sex</Name><Member Code=""SEX3"" HasOnlyUnitMetadata=""false""><Name LocaleIsoCode=""en"">Total people, sex</Name></Member></Dimension><Dimension Code=""AGE"" Display=""labels""><Name LocaleIsoCode=""en"">Age</Name><Member Code=""TOTALALLAGES"" HasOnlyUnitMetadata=""false""><Name LocaleIsoCode=""en"">Total people, age</Name><ChildMember Code=""AGE1539"" HasOnlyUnitMetadata=""false""><Name LocaleIsoCode=""en"">15-39 Years</Name></ChildMember><ChildMember Code=""AGE4064"" HasOnlyUnitMetadata=""false""><Name LocaleIsoCode=""en"">40-64 Years</Name></ChildMember><ChildMember Code=""AGE6500"" HasOnlyUnitMetadata=""false""><Name LocaleIsoCode=""en"">65 Years and over</Name></ChildMember></Member></Dimension><Dimension Code=""AREA"" HasMetadata=""true"" Display=""codesandlabels""><Name LocaleIsoCode=""en"">Area</Name><Member Code=""NZTA"" HasOnlyUnitMetadata=""false""><Name LocaleIsoCode=""en"">Total NZ by territorial authority/subdivision</Name><ChildMember Code=""001"" HasOnlyUnitMetadata=""false""><Name LocaleIsoCode=""en"">Far North district</Name></ChildMember><ChildMember Code=""002"" HasOnlyUnitMetadata=""false""><Name LocaleIsoCode=""en"">Whangarei district</Name></ChildMember><ChildMember Code=""003"" HasOnlyUnitMetadata=""false""><Name LocaleIsoCode=""en"">Kaipara district</Name></ChildMember><ChildMember Code=""076"" HasOnlyUnitMetadata=""false""><Name LocaleIsoCode=""en"">Auckland</Name></ChildMember><ChildMember Code=""011"" HasOnlyUnitMetadata=""false""><Name LocaleIsoCode=""en"">Thames-Coromandel district</Name></ChildMember><ChildMember Code=""012"" HasOnlyUnitMetadata=""false""><Name LocaleIsoCode=""en"">Hauraki district</Name></ChildMember><ChildMember Code=""013"" HasOnlyUnitMetadata=""false""><Name LocaleIsoCode=""en"">Waikato district</Name></ChildMember><ChildMember Code=""015"" HasOnlyUnitMetadata=""false""><Name LocaleIsoCode=""en"">Matamata-Piako district</Name></ChildMember><ChildMember Code=""016"" HasOnlyUnitMetadata=""false""><Name LocaleIsoCode=""en"">Hamilton city</Name></ChildMember><ChildMember Code=""017"" HasOnlyUnitMetadata=""false""><Name LocaleIsoCode=""en"">Waipa district</Name></ChildMember><ChildMember Code=""018"" HasOnlyUnitMetadata=""false""><Name LocaleIsoCode=""en"">Otorohanga district</Name></ChildMember><ChildMember Code=""019"" HasOnlyUnitMetadata=""false""><Name LocaleIsoCode=""en"">South Waikato district</Name></ChildMember><ChildMember Code=""020"" HasOnlyUnitMetadata=""false""><Name LocaleIsoCode=""en"">Waitomo district</Name></ChildMember><ChildMember Code=""021"" HasOnlyUnitMetadata=""false""><Name LocaleIsoCode=""en"">Taupo district</Name></ChildMember><ChildMember Code=""022"" HasOnlyUnitMetadata=""false""><Name LocaleIsoCode=""en"">Western Bay of Plenty district</Name></ChildMember><ChildMember Code=""023"" HasOnlyUnitMetadata=""false""><Name LocaleIsoCode=""en"">Tauranga city</Name></ChildMember><ChildMember Code=""024"" HasOnlyUnitMetadata=""false""><Name LocaleIsoCode=""en"">Rotorua district</Name></ChildMember><ChildMember Code=""025"" HasOnlyUnitMetadata=""false""><Name LocaleIsoCode=""en"">Whakatane district</Name></ChildMember><ChildMember Code=""026"" HasOnlyUnitMetadata=""false""><Name LocaleIsoCode=""en"">Kawerau district</Name></ChildMember><ChildMember Code=""027"" HasOnlyUnitMetadata=""false""><Name LocaleIsoCode=""en"">Opotiki district</Name></ChildMember><ChildMember Code=""028"" HasOnlyUnitMetadata=""false""><Name LocaleIsoCode=""en"">Gisborne district</Name></ChildMember><ChildMember Code=""029"" HasOnlyUnitMetadata=""false""><Name LocaleIsoCode=""en"">Wairoa district</Name></ChildMember><ChildMember Code=""030"" HasOnlyUnitMetadata=""false""><Name LocaleIsoCode=""en"">Hastings district</Name></ChildMember><ChildMember Code=""031"" HasOnlyUnitMetadata=""false""><Name LocaleIsoCode=""en"">Napier city</Name></ChildMember><ChildMember Code=""032"" HasOnlyUnitMetadata=""false""><Name LocaleIsoCode=""en"">Central Hawke's Bay district</Name></ChildMember><ChildMember Code=""033"" HasOnlyUnitMetadata=""false""><Name LocaleIsoCode=""en"">New Plymouth district</Name></ChildMember><ChildMember Code=""034"" HasOnlyUnitMetadata=""false""><Name LocaleIsoCode=""en"">Stratford district</Name></ChildMember><ChildMember Code=""035"" HasOnlyUnitMetadata=""false""><Name LocaleIsoCode=""en"">South Taranaki district</Name></ChildMember><ChildMember Code=""036"" HasOnlyUnitMetadata=""false""><Name LocaleIsoCode=""en"">Ruapehu district</Name></ChildMember><ChildMember Code=""037"" HasOnlyUnitMetadata=""false""><Name LocaleIsoCode=""en"">Whanganui district</Name></ChildMember><ChildMember Code=""038"" HasOnlyUnitMetadata=""false""><Name LocaleIsoCode=""en"">Rangitikei district</Name></ChildMember><ChildMember Code=""039"" HasOnlyUnitMetadata=""false""><Name LocaleIsoCode=""en"">Manawatu district</Name></ChildMember><ChildMember Code=""040"" HasOnlyUnitMetadata=""false""><Name LocaleIsoCode=""en"">Palmerston North city</Name></ChildMember><ChildMember Code=""041"" HasOnlyUnitMetadata=""false""><Name LocaleIsoCode=""en"">Tararua district</Name></ChildMember><ChildMember Code=""042"" HasOnlyUnitMetadata=""false""><Name LocaleIsoCode=""en"">Horowhenua district</Name></ChildMember><ChildMember Code=""043"" HasOnlyUnitMetadata=""false""><Name LocaleIsoCode=""en"">Kapiti Coast district</Name></ChildMember><ChildMember Code=""044"" HasOnlyUnitMetadata=""false""><Name LocaleIsoCode=""en"">Porirua city</Name></ChildMember><ChildMember Code=""045"" HasOnlyUnitMetadata=""false""><Name LocaleIsoCode=""en"">Upper Hutt city</Name></ChildMember><ChildMember Code=""046"" HasOnlyUnitMetadata=""false""><Name LocaleIsoCode=""en"">Lower Hutt city</Name></ChildMember><ChildMember Code=""047"" HasOnlyUnitMetadata=""false""><Name LocaleIsoCode=""en"">Wellington city</Name></ChildMember><ChildMember Code=""048"" HasOnlyUnitMetadata=""false""><Name LocaleIsoCode=""en"">Masterton district</Name></ChildMember><ChildMember Code=""049"" HasOnlyUnitMetadata=""false""><Name LocaleIsoCode=""en"">Carterton district</Name></ChildMember><ChildMember Code=""050"" HasOnlyUnitMetadata=""false""><Name LocaleIsoCode=""en"">South Wairarapa district</Name></ChildMember><ChildMember Code=""051"" HasOnlyUnitMetadata=""false""><Name LocaleIsoCode=""en"">Tasman district</Name></ChildMember><ChildMember Code=""052"" HasOnlyUnitMetadata=""false""><Name LocaleIsoCode=""en"">Nelson city</Name></ChildMember><ChildMember Code=""053"" HasOnlyUnitMetadata=""false""><Name LocaleIsoCode=""en"">Marlborough district</Name></ChildMember><ChildMember Code=""054"" HasOnlyUnitMetadata=""false""><Name LocaleIsoCode=""en"">Kaikoura district</Name></ChildMember><ChildMember Code=""055"" HasOnlyUnitMetadata=""false""><Name LocaleIsoCode=""en"">Buller district</Name></ChildMember><ChildMember Code=""056"" HasOnlyUnitMetadata=""false""><Name LocaleIsoCode=""en"">Grey district</Name></ChildMember><ChildMember Code=""057"" HasOnlyUnitMetadata=""false""><Name LocaleIsoCode=""en"">Westland district</Name></ChildMember><ChildMember Code=""058"" HasOnlyUnitMetadata=""false""><Name LocaleIsoCode=""en"">Hurunui district</Name></ChildMember><ChildMember Code=""059"" HasOnlyUnitMetadata=""false""><Name LocaleIsoCode=""en"">Waimakariri district</Name></ChildMember><ChildMember Code=""060"" HasOnlyUnitMetadata=""false""><Name LocaleIsoCode=""en"">Christchurch city</Name></ChildMember><ChildMember Code=""062"" HasOnlyUnitMetadata=""false""><Name LocaleIsoCode=""en"">Selwyn district</Name></ChildMember><ChildMember Code=""063"" HasOnlyUnitMetadata=""false""><Name LocaleIsoCode=""en"">Ashburton district</Name></ChildMember><ChildMember Code=""064"" HasOnlyUnitMetadata=""false""><Name LocaleIsoCode=""en"">Timaru district</Name></ChildMember><ChildMember Code=""065"" HasOnlyUnitMetadata=""false""><Name LocaleIsoCode=""en"">Mackenzie district</Name></ChildMember><ChildMember Code=""066"" HasOnlyUnitMetadata=""false""><Name LocaleIsoCode=""en"">Waimate district</Name></ChildMember><ChildMember Code=""067"" HasOnlyUnitMetadata=""false""><Name LocaleIsoCode=""en"">Chatham Islands territory</Name></ChildMember><ChildMember Code=""068"" HasOnlyUnitMetadata=""false""><Name LocaleIsoCode=""en"">Waitaki district</Name></ChildMember><ChildMember Code=""069"" HasOnlyUnitMetadata=""false""><Name LocaleIsoCode=""en"">Central Otago district</Name></ChildMember><ChildMember Code=""070"" HasOnlyUnitMetadata=""false""><Name LocaleIsoCode=""en"">Queenstown-Lakes district</Name></ChildMember><ChildMember Code=""071"" HasOnlyUnitMetadata=""false""><Name LocaleIsoCode=""en"">Dunedin city</Name></ChildMember><ChildMember Code=""072"" HasOnlyUnitMetadata=""false""><Name LocaleIsoCode=""en"">Clutha district</Name></ChildMember><ChildMember Code=""073"" HasOnlyUnitMetadata=""false""><Name LocaleIsoCode=""en"">Southland district</Name></ChildMember><ChildMember Code=""074"" HasOnlyUnitMetadata=""false""><Name LocaleIsoCode=""en"">Gore district</Name></ChildMember><ChildMember Code=""075"" HasOnlyUnitMetadata=""false""><Name LocaleIsoCode=""en"">Invercargill city</Name></ChildMember><ChildMember Code=""999"" HasOnlyUnitMetadata=""false""><Name LocaleIsoCode=""en"">Area outside territorial authority</Name></ChildMember></Member></Dimension><Tabulation Axis=""horizontal"" /><Tabulation Axis=""vertical""><Dimension Code=""AREA"" /><Dimension Code=""AGE"" /><Dimension Code=""SEX"" /><Dimension Code=""YEAR"" /></Tabulation><Tabulation Axis=""page"" /><Formatting><Labels LocaleIsoCode=""en"" /><Power>0</Power><Decimals>-1</Decimals><SkipEmptyLines>false</SkipEmptyLines><FullyFillPage>false</FullyFillPage><SkipEmptyCols>false</SkipEmptyCols><SkipLineHierarchy>true</SkipLineHierarchy><SkipColHierarchy>true</SkipColHierarchy><Page>1</Page></Formatting></DataTable><Format><ShowEmptyAxes>true</ShowEmptyAxes><TimeStamp>false</TimeStamp><Page>1</Page><EnableSort>true</EnableSort><IncludeFlagColumn>false</IncludeFlagColumn><IncludeTimeSeriesId>false</IncludeTimeSeriesId><DoBarChart>false</DoBarChart><FreezePanes>false</FreezePanes><MaxBarChartLen>65</MaxBarChartLen></Format><Query><AbsoluteUri>http://nzdotstat.stats.govt.nz/wbos/View.aspx?QueryId=&amp;QueryType=Public&amp;Lang=en</AbsoluteUri></Query></WebTableParameter>","...3","...4","...5"
"Area","Age","Sex","Year at 30 June","Figure"
"NZTA: Total NZ by territorial authority/subdivision","Total people, age","Total people, sex","2018","4900600"
NA,NA,NA,"2019","4979200"
NA,NA,NA,"2020","5090200"
NA,NA,NA,"2021","5111300"
NA,NA,NA,"2022","5117200"
NA,NA,NA,"2023","5223100"
NA,"15-39 Years",NA,"2018","1676900"
NA,NA,NA,"2019","1705600"
NA,NA,NA,"2020","1750100"
NA,NA,NA,"2021","1738700"
NA,NA,NA,"2022","1725100"
NA,NA,NA,"2023","1781300"
NA,"40-64 Years",NA,"2018","1542300"
NA,NA,NA,"2019","1557700"
NA,NA,NA,"2020","1581800"
NA,NA,NA,"2021","1587200"
NA,NA,NA,"2022","1588600"
NA,NA,NA,"2023","1609900"
NA,"65 Years and over",NA,"2018","734900"
NA,NA,NA,"2019","759800"
NA,NA,NA,"2020","791900"
NA,NA,NA,"2021","817500"
NA,NA,NA,"2022","839700"
NA,NA,NA,"2023","863600"
"001: Far North district","Total people, age",NA,"2018","67900"
NA,NA,NA,"2019","69200"
NA,NA,NA,"2020","71400"
NA,NA,NA,"2021","72900"
NA,NA,NA,"2022","73700"
NA,NA,NA,"2023","74700"
NA,"15-39 Years",NA,"2018","17600"
NA,NA,NA,"2019","18000"
NA,NA,NA,"2020","18900"
NA,NA,NA,"2021","19300"
NA,NA,NA,"2022","19500"
NA,NA,NA,"2023","20000"
NA,"40-64 Years",NA,"2018","22800"
NA,NA,NA,"2019","23000"
NA,NA,NA,"2020","23500"
NA,NA,NA,"2021","23700"
NA,NA,NA,"2022","23900"
NA,NA,NA,"2023","24000"
NA,"65 Years and over",NA,"2018","13000"
NA,NA,NA,"2019","13600"
NA,NA,NA,"2020","14200"
NA,NA,NA,"2021","14800"
NA,NA,NA,"2022","15300"
NA,NA,NA,"2023","15800"
"002: Whangarei district","Total people, age",NA,"2018","94100"
NA,NA,NA,"2019","95600"
NA,NA,NA,"2020","97800"
NA,NA,NA,"2021","99500"
NA,NA,NA,"2022","100700"
NA,NA,NA,"2023","101900"
NA,"15-39 Years",NA,"2018","26600"
NA,NA,NA,"2019","27200"
NA,NA,NA,"2020","28100"
NA,NA,NA,"2021","28500"
NA,NA,NA,"2022","28900"
NA,NA,NA,"2023","29500"
NA,"40-64 Years",NA,"2018","30300"
NA,NA,NA,"2019","30600"
NA,NA,NA,"2020","30900"
NA,NA,NA,"2021","31100"
NA,NA,NA,"2022","31300"
NA,NA,NA,"2023","31400"
NA,"65 Years and over",NA,"2018","17800"
NA,NA,NA,"2019","18300"
NA,NA,NA,"2020","19000"
NA,NA,NA,"2021","19900"
NA,NA,NA,"2022","20500"
NA,NA,NA,"2023","21100"
"003: Kaipara district","Total people, age",NA,"2018","23700"
NA,NA,NA,"2019","24300"
NA,NA,NA,"2020","25400"
NA,NA,NA,"2021","26200"
NA,NA,NA,"2022","26800"
NA,NA,NA,"2023","27300"
NA,"15-39 Years",NA,"2018","5900"
NA,NA,NA,"2019","6000"
NA,NA,NA,"2020","6300"
NA,NA,NA,"2021","6500"
NA,NA,NA,"2022","6500"
NA,NA,NA,"2023","6600"
NA,"40-64 Years",NA,"2018","8100"
NA,NA,NA,"2019","8100"
NA,NA,NA,"2020","8400"
NA,NA,NA,"2021","8500"
NA,NA,NA,"2022","8700"
NA,NA,NA,"2023","8800"
NA,"65 Years and over",NA,"2018","5200"
NA,NA,NA,"2019","5500"
NA,NA,NA,"2020","5900"
NA,NA,NA,"2021","6200"
NA,NA,NA,"2022","6500"
NA,NA,NA,"2023","6800"
"076: Auckland","Total people, age",NA,"2018","1654800"
NA,NA,NA,"2019","1681300"
NA,NA,NA,"2020","1714200"
NA,NA,NA,"2021","1704700"
NA,NA,NA,"2022","1692300"
NA,NA,NA,"2023","1739300"
NA,"15-39 Years",NA,"2018","630300"
NA,NA,NA,"2019","638300"
NA,NA,NA,"2020","646900"
NA,NA,NA,"2021","632200"
NA,NA,NA,"2022","617500"
NA,NA,NA,"2023","641300"
NA,"40-64 Years",NA,"2018","503400"
NA,NA,NA,"2019","510500"
NA,NA,NA,"2020","520400"
NA,NA,NA,"2021","520700"
NA,NA,NA,"2022","520600"
NA,NA,NA,"2023","533400"
NA,"65 Years and over",NA,"2018","197000"
NA,NA,NA,"2019","203900"
NA,NA,NA,"2020","214200"
NA,NA,NA,"2021","220200"
NA,NA,NA,"2022","225100"
NA,NA,NA,"2023","232200"
"011: Thames-Coromandel district","Total people, age",NA,"2018","30700"
NA,NA,NA,"2019","31200"
NA,NA,NA,"2020","32500"
NA,NA,NA,"2021","33100"
NA,NA,NA,"2022","33400"
NA,NA,NA,"2023","33700"
NA,"15-39 Years",NA,"2018","6200"
NA,NA,NA,"2019","6300"
NA,NA,NA,"2020","6700"
NA,NA,NA,"2021","6700"
NA,NA,NA,"2022","6700"
NA,NA,NA,"2023","6700"
NA,"40-64 Years",NA,"2018","10400"
NA,NA,NA,"2019","10400"
NA,NA,NA,"2020","10700"
NA,NA,NA,"2021","10800"
NA,NA,NA,"2022","10800"
NA,NA,NA,"2023","10700"
NA,"65 Years and over",NA,"2018","9500"
NA,NA,NA,"2019","9900"
NA,NA,NA,"2020","10500"
NA,NA,NA,"2021","10900"
NA,NA,NA,"2022","11300"
NA,NA,NA,"2023","11700"
"012: Hauraki district","Total people, age",NA,"2018","20700"
NA,NA,NA,"2019","21000"
NA,NA,NA,"2020","21500"
NA,NA,NA,"2021","21800"
NA,NA,NA,"2022","22100"
NA,NA,NA,"2023","22400"
NA,"15-39 Years",NA,"2018","5100"
NA,NA,NA,"2019","5200"
NA,NA,NA,"2020","5400"
NA,NA,NA,"2021","5300"
NA,NA,NA,"2022","5400"
NA,NA,NA,"2023","5500"
NA,"40-64 Years",NA,"2018","6900"
NA,NA,NA,"2019","6900"
NA,NA,NA,"2020","7000"
NA,NA,NA,"2021","7000"
NA,NA,NA,"2022","7000"
NA,NA,NA,"2023","7000"
NA,"65 Years and over",NA,"2018","4800"
NA,NA,NA,"2019","5000"
NA,NA,NA,"2020","5200"
NA,NA,NA,"2021","5500"
NA,NA,NA,"2022","5700"
NA,NA,NA,"2023","5900"
"013: Waikato district","Total people, age",NA,"2018","78200"
NA,NA,NA,"2019","80500"
NA,NA,NA,"2020","83800"
NA,NA,NA,"2021","85900"
NA,NA,NA,"2022","87800"
NA,NA,NA,"2023","90100"
NA,"15-39 Years",NA,"2018","23600"
NA,NA,NA,"2019","24400"
NA,NA,NA,"2020","25800"
NA,NA,NA,"2021","26400"
NA,NA,NA,"2022","27000"
NA,NA,NA,"2023","27900"
NA,"40-64 Years",NA,"2018","26800"
NA,NA,NA,"2019","27400"
NA,NA,NA,"2020","28000"
NA,NA,NA,"2021","28600"
NA,NA,NA,"2022","29100"
NA,NA,NA,"2023","29600"
NA,"65 Years and over",NA,"2018","9800"
NA,NA,NA,"2019","10300"
NA,NA,NA,"2020","10900"
NA,NA,NA,"2021","11600"
NA,NA,NA,"2022","12100"
NA,NA,NA,"2023","12700"
"015: Matamata-Piako district","Total people, age",NA,"2018","35300"
NA,NA,NA,"2019","35800"
NA,NA,NA,"2020","36400"
NA,NA,NA,"2021","36700"
NA,NA,NA,"2022","37000"
NA,NA,NA,"2023","37700"
NA,"15-39 Years",NA,"2018","10400"
NA,NA,NA,"2019","10600"
NA,NA,NA,"2020","10800"
NA,NA,NA,"2021","10800"
NA,NA,NA,"2022","10900"
NA,NA,NA,"2023","11200"
NA,"40-64 Years",NA,"2018","11000"
NA,NA,NA,"2019","11000"
NA,NA,NA,"2020","11100"
NA,NA,NA,"2021","11000"
NA,NA,NA,"2022","11000"
NA,NA,NA,"2023","11000"
NA,"65 Years and over",NA,"2018","6900"
NA,NA,NA,"2019","7100"
NA,NA,NA,"2020","7400"
NA,NA,NA,"2021","7700"
NA,NA,NA,"2022","8000"
NA,NA,NA,"2023","8200"
"016: Hamilton city","Total people, age",NA,"2018","168600"
NA,NA,NA,"2019","172500"
NA,NA,NA,"2020","177400"
NA,NA,NA,"2021","178700"
NA,NA,NA,"2022","179200"
NA,NA,NA,"2023","185300"
NA,"15-39 Years",NA,"2018","67600"
NA,NA,NA,"2019","69400"
NA,NA,NA,"2020","71800"
NA,NA,NA,"2021","71800"
NA,NA,NA,"2022","71400"
NA,NA,NA,"2023","74900"
NA,"40-64 Years",NA,"2018","46000"
NA,NA,NA,"2019","46900"
NA,NA,NA,"2020","47800"
NA,NA,NA,"2021","48100"
NA,NA,NA,"2022","48400"
NA,NA,NA,"2023","49700"
NA,"65 Years and over",NA,"2018","19500"
NA,NA,NA,"2019","20200"
NA,NA,NA,"2020","21000"
NA,NA,NA,"2021","21600"
NA,NA,NA,"2022","22000"
NA,NA,NA,"2023","22500"
"017: Waipa district","Total people, age",NA,"2018","55000"
NA,NA,NA,"2019","56400"
NA,NA,NA,"2020","58500"
NA,NA,NA,"2021","59500"
NA,NA,NA,"2022","60000"
NA,NA,NA,"2023","61100"
NA,"15-39 Years",NA,"2018","16100"
NA,NA,NA,"2019","16500"
NA,NA,NA,"2020","17500"
NA,NA,NA,"2021","17700"
NA,NA,NA,"2022","17800"
NA,NA,NA,"2023","18200"
NA,"40-64 Years",NA,"2018","18000"
NA,NA,NA,"2019","18200"
NA,NA,NA,"2020","18600"
NA,NA,NA,"2021","18800"
NA,NA,NA,"2022","18900"
NA,NA,NA,"2023","19000"
NA,"65 Years and over",NA,"2018","9700"
NA,NA,NA,"2019","10100"
NA,NA,NA,"2020","10700"
NA,NA,NA,"2021","11100"
NA,NA,NA,"2022","11400"
NA,NA,NA,"2023","11900"
"018: Otorohanga district","Total people, age",NA,"2018","10500"
NA,NA,NA,"2019","10600"
NA,NA,NA,"2020","10750"
NA,NA,NA,"2021","10800"
NA,NA,NA,"2022","10800"
NA,NA,NA,"2023","10900"
NA,"15-39 Years",NA,"2018","3400"
NA,NA,NA,"2019","3400"
NA,NA,NA,"2020","3500"
NA,NA,NA,"2021","3500"
NA,NA,NA,"2022","3500"
NA,NA,NA,"2023","3550"
NA,"40-64 Years",NA,"2018","3250"
NA,NA,NA,"2019","3250"
NA,NA,NA,"2020","3250"
NA,NA,NA,"2021","3300"
NA,NA,NA,"2022","3200"
NA,NA,NA,"2023","3200"
NA,"65 Years and over",NA,"2018","1550"
NA,NA,NA,"2019","1600"
NA,NA,NA,"2020","1700"
NA,NA,NA,"2021","1700"
NA,NA,NA,"2022","1800"
NA,NA,NA,"2023","1850"
"019: South Waikato district","Total people, age",NA,"2018","24800"
NA,NA,NA,"2019","25100"
NA,NA,NA,"2020","25400"
NA,NA,NA,"2021","25500"
NA,NA,NA,"2022","25800"
NA,NA,NA,"2023","26000"
NA,"15-39 Years",NA,"2018","7400"
NA,NA,NA,"2019","7500"
NA,NA,NA,"2020","7700"
NA,NA,NA,"2021","7700"
NA,NA,NA,"2022","7800"
NA,NA,NA,"2023","8000"
NA,"40-64 Years",NA,"2018","7700"
NA,NA,NA,"2019","7800"
NA,NA,NA,"2020","7700"
NA,NA,NA,"2021","7700"
NA,NA,NA,"2022","7600"
NA,NA,NA,"2023","7600"
NA,"65 Years and over",NA,"2018","4000"
NA,NA,NA,"2019","4100"
NA,NA,NA,"2020","4200"
NA,NA,NA,"2021","4400"
NA,NA,NA,"2022","4500"
NA,NA,NA,"2023","4600"
"020: Waitomo district","Total people, age",NA,"2018","9630"
NA,NA,NA,"2019","9600"
NA,NA,NA,"2020","9680"
NA,NA,NA,"2021","9700"
NA,NA,NA,"2022","9660"
NA,NA,NA,"2023","9720"
NA,"15-39 Years",NA,"2018","2940"
NA,NA,NA,"2019","2890"
NA,NA,NA,"2020","2920"
NA,NA,NA,"2021","2900"
NA,NA,NA,"2022","2880"
NA,NA,NA,"2023","2900"
NA,"40-64 Years",NA,"2018","3100"
NA,NA,NA,"2019","3070"
NA,NA,NA,"2020","3100"
NA,NA,NA,"2021","3100"
NA,NA,NA,"2022","3080"
NA,NA,NA,"2023","3060"
NA,"65 Years and over",NA,"2018","1490"
NA,NA,NA,"2019","1530"
NA,NA,NA,"2020","1580"
NA,NA,NA,"2021","1640"
NA,NA,NA,"2022","1680"
NA,NA,NA,"2023","1750"
"021: Taupo district","Total people, age",NA,"2018","38600"
NA,NA,NA,"2019","39400"
NA,NA,NA,"2020","40500"
NA,NA,NA,"2021","41100"
NA,NA,NA,"2022","41300"
NA,NA,NA,"2023","42000"
NA,"15-39 Years",NA,"2018","11000"
NA,NA,NA,"2019","11200"
NA,NA,NA,"2020","11600"
NA,NA,NA,"2021","11600"
NA,NA,NA,"2022","11500"
NA,NA,NA,"2023","11800"
NA,"40-64 Years",NA,"2018","12500"
NA,NA,NA,"2019","12600"
NA,NA,NA,"2020","12900"
NA,NA,NA,"2021","13000"
NA,NA,NA,"2022","13200"
NA,NA,NA,"2023","13300"
NA,"65 Years and over",NA,"2018","7300"
NA,NA,NA,"2019","7700"
NA,NA,NA,"2020","8100"
NA,NA,NA,"2021","8400"
NA,NA,NA,"2022","8700"
NA,NA,NA,"2023","9100"
"022: Western Bay of Plenty district","Total people, age",NA,"2018","53000"
NA,NA,NA,"2019","54400"
NA,NA,NA,"2020","57000"
NA,NA,NA,"2021","58400"
NA,NA,NA,"2022","59100"
NA,NA,NA,"2023","60800"
NA,"15-39 Years",NA,"2018","13900"
NA,NA,NA,"2019","14200"
NA,NA,NA,"2020","15500"
NA,NA,NA,"2021","15800"
NA,NA,NA,"2022","15800"
NA,NA,NA,"2023","16500"
NA,"40-64 Years",NA,"2018","18400"
NA,NA,NA,"2019","18700"
NA,NA,NA,"2020","19100"
NA,NA,NA,"2021","19400"
NA,NA,NA,"2022","19600"
NA,NA,NA,"2023","19800"
NA,"65 Years and over",NA,"2018","11000"
NA,NA,NA,"2019","11700"
NA,NA,NA,"2020","12400"
NA,NA,NA,"2021","12900"
NA,NA,NA,"2022","13500"
NA,NA,NA,"2023","14100"
"023: Tauranga city","Total people, age",NA,"2018","142500"
NA,NA,NA,"2019","146800"
NA,NA,NA,"2020","153000"
NA,NA,NA,"2021","156000"
NA,NA,NA,"2022","157900"
NA,NA,NA,"2023","161800"
NA,"15-39 Years",NA,"2018","42800"
NA,NA,NA,"2019","44500"
NA,NA,NA,"2020","47700"
NA,NA,NA,"2021","48600"
NA,NA,NA,"2022","49000"
NA,NA,NA,"2023","50500"
NA,"40-64 Years",NA,"2018","43700"
NA,NA,NA,"2019","44700"
NA,NA,NA,"2020","45800"
NA,NA,NA,"2021","46400"
NA,NA,NA,"2022","46900"
NA,NA,NA,"2023","48000"
NA,"65 Years and over",NA,"2018","27700"
NA,NA,NA,"2019","28700"
NA,NA,NA,"2020","29800"
NA,NA,NA,"2021","30700"
NA,NA,NA,"2022","31600"
NA,NA,NA,"2023","32300"
"024: Rotorua district","Total people, age",NA,"2018","74800"
NA,NA,NA,"2019","75700"
NA,NA,NA,"2020","77100"
NA,NA,NA,"2021","77000"
NA,NA,NA,"2022","76900"
NA,NA,NA,"2023","78200"
NA,"15-39 Years",NA,"2018","24400"
NA,NA,NA,"2019","24700"
NA,NA,NA,"2020","25400"
NA,NA,NA,"2021","25000"
NA,NA,NA,"2022","24900"
NA,NA,NA,"2023","25700"
NA,"40-64 Years",NA,"2018","23400"
NA,NA,NA,"2019","23600"
NA,NA,NA,"2020","23800"
NA,NA,NA,"2021","23900"
NA,NA,NA,"2022","23700"
NA,NA,NA,"2023","23800"
NA,"65 Years and over",NA,"2018","10600"
NA,NA,NA,"2019","10800"
NA,NA,NA,"2020","11200"
NA,NA,NA,"2021","11400"
NA,NA,NA,"2022","11700"
NA,NA,NA,"2023","11900"
"025: Whakatane district","Total people, age",NA,"2018","37100"
NA,NA,NA,"2019","37500"
NA,NA,NA,"2020","38000"
NA,NA,NA,"2021","38400"
NA,NA,NA,"2022","38500"
NA,NA,NA,"2023","38800"
NA,"15-39 Years",NA,"2018","10600"
NA,NA,NA,"2019","10700"
NA,NA,NA,"2020","10900"
NA,NA,NA,"2021","11000"
NA,NA,NA,"2022","11200"
NA,NA,NA,"2023","11300"
NA,"40-64 Years",NA,"2018","12000"
NA,NA,NA,"2019","12000"
NA,NA,NA,"2020","11900"
NA,NA,NA,"2021","11900"
NA,NA,NA,"2022","11700"
NA,NA,NA,"2023","11700"
NA,"65 Years and over",NA,"2018","6300"
NA,NA,NA,"2019","6600"
NA,NA,NA,"2020","6800"
NA,NA,NA,"2021","7100"
NA,NA,NA,"2022","7300"
NA,NA,NA,"2023","7500"
"026: Kawerau district","Total people, age",NA,"2018","7460"
NA,NA,NA,"2019","7550"
NA,NA,NA,"2020","7620"
NA,NA,NA,"2021","7700"
NA,NA,NA,"2022","7750"
NA,NA,NA,"2023","7820"
NA,"15-39 Years",NA,"2018","2130"
NA,NA,NA,"2019","2140"
NA,NA,NA,"2020","2160"
NA,NA,NA,"2021","2170"
NA,NA,NA,"2022","2190"
NA,NA,NA,"2023","2250"
NA,"40-64 Years",NA,"2018","2100"
NA,NA,NA,"2019","2120"
NA,NA,NA,"2020","2110"
NA,NA,NA,"2021","2120"
NA,NA,NA,"2022","2130"
NA,NA,NA,"2023","2120"
NA,"65 Years and over",NA,"2018","1470"
NA,NA,NA,"2019","1530"
NA,NA,NA,"2020","1590"
NA,NA,NA,"2021","1650"
NA,NA,NA,"2022","1690"
NA,NA,NA,"2023","1730"
"027: Opotiki district","Total people, age",NA,"2018","9670"
NA,NA,NA,"2019","9950"
NA,NA,NA,"2020","10250"
NA,NA,NA,"2021","10400"
NA,NA,NA,"2022","10500"
NA,NA,NA,"2023","10550"
NA,"15-39 Years",NA,"2018","2720"
NA,NA,NA,"2019","2820"
NA,NA,NA,"2020","3000"
NA,NA,NA,"2021","3050"
NA,NA,NA,"2022","3050"
NA,NA,NA,"2023","3100"
NA,"40-64 Years",NA,"2018","3120"
NA,NA,NA,"2019","3160"
NA,NA,NA,"2020","3200"
NA,NA,NA,"2021","3200"
NA,NA,NA,"2022","3200"
NA,NA,NA,"2023","3200"
NA,"65 Years and over",NA,"2018","1680"
NA,NA,NA,"2019","1740"
NA,NA,NA,"2020","1800"
NA,NA,NA,"2021","1850"
NA,NA,NA,"2022","1900"
NA,NA,NA,"2023","2000"
"028: Gisborne district","Total people, age",NA,"2018","49500"
NA,NA,NA,"2019","50200"
NA,NA,NA,"2020","51400"
NA,NA,NA,"2021","51700"
NA,NA,NA,"2022","52000"
NA,NA,NA,"2023","52600"
NA,"15-39 Years",NA,"2018","15000"
NA,NA,NA,"2019","15300"
NA,NA,NA,"2020","16000"
NA,NA,NA,"2021","16000"
NA,NA,NA,"2022","16100"
NA,NA,NA,"2023","16500"
NA,"40-64 Years",NA,"2018","15400"
NA,NA,NA,"2019","15500"
NA,NA,NA,"2020","15700"
NA,NA,NA,"2021","15700"
NA,NA,NA,"2022","15700"
NA,NA,NA,"2023","15700"
NA,"65 Years and over",NA,"2018","7500"
NA,NA,NA,"2019","7800"
NA,NA,NA,"2020","8000"
NA,NA,NA,"2021","8300"
NA,NA,NA,"2022","8700"
NA,NA,NA,"2023","8900"
"029: Wairoa district","Total people, age",NA,"2018","8720"
NA,NA,NA,"2019","8800"
NA,NA,NA,"2020","8940"
NA,NA,NA,"2021","9080"
NA,NA,NA,"2022","9170"
NA,NA,NA,"2023","9290"
NA,"15-39 Years",NA,"2018","2480"
NA,NA,NA,"2019","2510"
NA,NA,NA,"2020","2540"
NA,NA,NA,"2021","2580"
NA,NA,NA,"2022","2640"
NA,NA,NA,"2023","2720"
NA,"40-64 Years",NA,"2018","2740"
NA,NA,NA,"2019","2720"
NA,NA,NA,"2020","2720"
NA,NA,NA,"2021","2770"
NA,NA,NA,"2022","2750"
NA,NA,NA,"2023","2700"
NA,"65 Years and over",NA,"2018","1490"
NA,NA,NA,"2019","1520"
NA,NA,NA,"2020","1600"
NA,NA,NA,"2021","1650"
NA,NA,NA,"2022","1700"
NA,NA,NA,"2023","1770"
"030: Hastings district","Total people, age",NA,"2018","84700"
NA,NA,NA,"2019","86000"
NA,NA,NA,"2020","89400"
NA,NA,NA,"2021","90600"
NA,NA,NA,"2022","91000"
NA,NA,NA,"2023","91900"
NA,"15-39 Years",NA,"2018","25500"
NA,NA,NA,"2019","26100"
NA,NA,NA,"2020","28100"
NA,NA,NA,"2021","28400"
NA,NA,NA,"2022","28400"
NA,NA,NA,"2023","28900"
NA,"40-64 Years",NA,"2018","27100"
NA,NA,NA,"2019","27300"
NA,NA,NA,"2020","28000"
NA,NA,NA,"2021","28300"
NA,NA,NA,"2022","28400"
NA,NA,NA,"2023","28400"
NA,"65 Years and over",NA,"2018","14000"
NA,NA,NA,"2019","14500"
NA,NA,NA,"2020","15000"
NA,NA,NA,"2021","15400"
NA,NA,NA,"2022","15800"
NA,NA,NA,"2023","16100"
"031: Napier city","Total people, age",NA,"2018","64200"
NA,NA,NA,"2019","65100"
NA,NA,NA,"2020","66200"
NA,NA,NA,"2021","66700"
NA,NA,NA,"2022","66700"
NA,NA,NA,"2023","67500"
NA,"15-39 Years",NA,"2018","18500"
NA,NA,NA,"2019","18800"
NA,NA,NA,"2020","19500"
NA,NA,NA,"2021","19500"
NA,NA,NA,"2022","19400"
NA,NA,NA,"2023","19900"
NA,"40-64 Years",NA,"2018","20600"
NA,NA,NA,"2019","20700"
NA,NA,NA,"2020","21000"
NA,NA,NA,"2021","21100"
NA,NA,NA,"2022","21000"
NA,NA,NA,"2023","21000"
NA,"65 Years and over",NA,"2018","12600"
NA,NA,NA,"2019","12900"
NA,NA,NA,"2020","13200"
NA,NA,NA,"2021","13600"
NA,NA,NA,"2022","13900"
NA,NA,NA,"2023","14100"
"032: Central Hawke's Bay district","Total people, age",NA,"2018","14650"
NA,NA,NA,"2019","14900"
NA,NA,NA,"2020","15400"
NA,NA,NA,"2021","15650"
NA,NA,NA,"2022","15850"
NA,NA,NA,"2023","16000"
NA,"15-39 Years",NA,"2018","3650"
NA,NA,NA,"2019","3750"
NA,NA,NA,"2020","3950"
NA,NA,NA,"2021","4050"
NA,NA,NA,"2022","4050"
NA,NA,NA,"2023","4150"
NA,"40-64 Years",NA,"2018","5100"
NA,NA,NA,"2019","5100"
NA,NA,NA,"2020","5150"
NA,NA,NA,"2021","5150"
NA,NA,NA,"2022","5150"
NA,NA,NA,"2023","5100"
NA,"65 Years and over",NA,"2018","2850"
NA,NA,NA,"2019","3000"
NA,NA,NA,"2020","3150"
NA,NA,NA,"2021","3300"
NA,NA,NA,"2022","3400"
NA,NA,NA,"2023","3500"
"033: New Plymouth district","Total people, age",NA,"2018","83300"
NA,NA,NA,"2019","84700"
NA,NA,NA,"2020","86300"
NA,NA,NA,"2021","87400"
NA,NA,NA,"2022","87900"
NA,NA,NA,"2023","88900"
NA,"15-39 Years",NA,"2018","24600"
NA,NA,NA,"2019","24800"
NA,NA,NA,"2020","25500"
NA,NA,NA,"2021","25600"
NA,NA,NA,"2022","25800"
NA,NA,NA,"2023","26200"
NA,"40-64 Years",NA,"2018","27200"
NA,NA,NA,"2019","27400"
NA,NA,NA,"2020","27700"
NA,NA,NA,"2021","28000"
NA,NA,NA,"2022","28000"
NA,NA,NA,"2023","28200"
NA,"65 Years and over",NA,"2018","14700"
NA,NA,NA,"2019","15300"
NA,NA,NA,"2020","15800"
NA,NA,NA,"2021","16200"
NA,NA,NA,"2022","16700"
NA,NA,NA,"2023","17200"
"034: Stratford district","Total people, age",NA,"2018","9710"
NA,NA,NA,"2019","9890"
NA,NA,NA,"2020","10000"
NA,NA,NA,"2021","10100"
NA,NA,NA,"2022","10200"
NA,NA,NA,"2023","10300"
NA,"15-39 Years",NA,"2018","2890"
NA,NA,NA,"2019","2890"
NA,NA,NA,"2020","2950"
NA,NA,NA,"2021","2950"
NA,NA,NA,"2022","3000"
NA,NA,NA,"2023","3050"
NA,"40-64 Years",NA,"2018","3090"
NA,NA,NA,"2019","3120"
NA,NA,NA,"2020","3150"
NA,NA,NA,"2021","3100"
NA,NA,NA,"2022","3100"
NA,NA,NA,"2023","3100"
NA,"65 Years and over",NA,"2018","1670"
NA,NA,NA,"2019","1760"
NA,NA,NA,"2020","1750"
NA,NA,NA,"2021","1850"
NA,NA,NA,"2022","1950"
NA,NA,NA,"2023","2000"
"035: South Taranaki district","Total people, age",NA,"2018","28300"
NA,NA,NA,"2019","28600"
NA,NA,NA,"2020","29000"
NA,NA,NA,"2021","29200"
NA,NA,NA,"2022","29400"
NA,NA,NA,"2023","29600"
NA,"15-39 Years",NA,"2018","8400"
NA,NA,NA,"2019","8500"
NA,NA,NA,"2020","8600"
NA,NA,NA,"2021","8600"
NA,NA,NA,"2022","8600"
NA,NA,NA,"2023","8800"
NA,"40-64 Years",NA,"2018","9200"
NA,NA,NA,"2019","9200"
NA,NA,NA,"2020","9300"
NA,NA,NA,"2021","9300"
NA,NA,NA,"2022","9300"
NA,NA,NA,"2023","9400"
NA,"65 Years and over",NA,"2018","4400"
NA,NA,NA,"2019","4600"
NA,NA,NA,"2020","4700"
NA,NA,NA,"2021","4900"
NA,NA,NA,"2022","5100"
NA,NA,NA,"2023","5200"
"036: Ruapehu district","Total people, age",NA,"2018","12750"
NA,NA,NA,"2019","12800"
NA,NA,NA,"2020","12950"
NA,NA,NA,"2021","13000"
NA,NA,NA,"2022","13000"
NA,NA,NA,"2023","13050"
NA,"15-39 Years",NA,"2018","3800"
NA,NA,NA,"2019","3750"
NA,NA,NA,"2020","3800"
NA,NA,NA,"2021","3800"
NA,NA,NA,"2022","3750"
NA,NA,NA,"2023","3800"
NA,"40-64 Years",NA,"2018","4200"
NA,NA,NA,"2019","4200"
NA,NA,NA,"2020","4150"
NA,NA,NA,"2021","4150"
NA,NA,NA,"2022","4100"
NA,NA,NA,"2023","4050"
NA,"65 Years and over",NA,"2018","1950"
NA,NA,NA,"2019","2050"
NA,NA,NA,"2020","2200"
NA,NA,NA,"2021","2300"
NA,NA,NA,"2022","2350"
NA,NA,NA,"2023","2500"
"037: Whanganui district","Total people, age",NA,"2018","46800"
NA,NA,NA,"2019","47200"
NA,NA,NA,"2020","47900"
NA,NA,NA,"2021","48400"
NA,NA,NA,"2022","48600"
NA,NA,NA,"2023","48900"
NA,"15-39 Years",NA,"2018","13100"
NA,NA,NA,"2019","13200"
NA,NA,NA,"2020","13500"
NA,NA,NA,"2021","13600"
NA,NA,NA,"2022","13600"
NA,NA,NA,"2023","13800"
NA,"40-64 Years",NA,"2018","15100"
NA,NA,NA,"2019","15000"
NA,NA,NA,"2020","15100"
NA,NA,NA,"2021","15100"
NA,NA,NA,"2022","15000"
NA,NA,NA,"2023","15100"
NA,"65 Years and over",NA,"2018","9500"
NA,NA,NA,"2019","9800"
NA,NA,NA,"2020","10100"
NA,NA,NA,"2021","10400"
NA,NA,NA,"2022","10600"
NA,NA,NA,"2023","10800"
"038: Rangitikei district","Total people, age",NA,"2018","15450"
NA,NA,NA,"2019","15650"
NA,NA,NA,"2020","15900"
NA,NA,NA,"2021","16050"
NA,NA,NA,"2022","16100"
NA,NA,NA,"2023","16300"
NA,"15-39 Years",NA,"2018","4400"
NA,NA,NA,"2019","4550"
NA,NA,NA,"2020","4650"
NA,NA,NA,"2021","4700"
NA,NA,NA,"2022","4750"
NA,NA,NA,"2023","4850"
NA,"40-64 Years",NA,"2018","5000"
NA,NA,NA,"2019","5000"
NA,NA,NA,"2020","5000"
NA,NA,NA,"2021","5000"
NA,NA,NA,"2022","4950"
NA,NA,NA,"2023","4950"
NA,"65 Years and over",NA,"2018","2850"
NA,NA,NA,"2019","2950"
NA,NA,NA,"2020","3050"
NA,NA,NA,"2021","3150"
NA,NA,NA,"2022","3250"
NA,NA,NA,"2023","3300"
"039: Manawatu district","Total people, age",NA,"2018","31100"
NA,NA,NA,"2019","31700"
NA,NA,NA,"2020","32600"
NA,NA,NA,"2021","33100"
NA,NA,NA,"2022","33500"
NA,NA,NA,"2023","33900"
NA,"15-39 Years",NA,"2018","8900"
NA,NA,NA,"2019","9100"
NA,NA,NA,"2020","9500"
NA,NA,NA,"2021","9600"
NA,NA,NA,"2022","9700"
NA,NA,NA,"2023","9900"
NA,"40-64 Years",NA,"2018","10400"
NA,NA,NA,"2019","10300"
NA,NA,NA,"2020","10400"
NA,NA,NA,"2021","10500"
NA,NA,NA,"2022","10500"
NA,NA,NA,"2023","10600"
NA,"65 Years and over",NA,"2018","5500"
NA,NA,NA,"2019","5800"
NA,NA,NA,"2020","6000"
NA,NA,NA,"2021","6200"
NA,NA,NA,"2022","6400"
NA,NA,NA,"2023","6600"
"040: Palmerston North city","Total people, age",NA,"2018","88300"
NA,NA,NA,"2019","89300"
NA,NA,NA,"2020","90400"
NA,NA,NA,"2021","90500"
NA,NA,NA,"2022","90300"
NA,NA,NA,"2023","91800"
NA,"15-39 Years",NA,"2018","33700"
NA,NA,NA,"2019","34000"
NA,NA,NA,"2020","34200"
NA,NA,NA,"2021","34100"
NA,NA,NA,"2022","33700"
NA,NA,NA,"2023","34400"
NA,"40-64 Years",NA,"2018","25100"
NA,NA,NA,"2019","25300"
NA,NA,NA,"2020","25600"
NA,NA,NA,"2021","25600"
NA,NA,NA,"2022","25600"
NA,NA,NA,"2023","25800"
NA,"65 Years and over",NA,"2018","12300"
NA,NA,NA,"2019","12600"
NA,NA,NA,"2020","13000"
NA,NA,NA,"2021","13400"
NA,NA,NA,"2022","13700"
NA,NA,NA,"2023","14000"
"041: Tararua district","Total people, age",NA,"2018","18450"
NA,NA,NA,"2019","18700"
NA,NA,NA,"2020","18800"
NA,NA,NA,"2021","19000"
NA,NA,NA,"2022","19100"
NA,NA,NA,"2023","19200"
NA,"15-39 Years",NA,"2018","5050"
NA,NA,NA,"2019","5150"
NA,NA,NA,"2020","5200"
NA,NA,NA,"2021","5250"
NA,NA,NA,"2022","5300"
NA,NA,NA,"2023","5350"
NA,"40-64 Years",NA,"2018","6150"
NA,NA,NA,"2019","6200"
NA,NA,NA,"2020","6150"
NA,NA,NA,"2021","6100"
NA,NA,NA,"2022","6100"
NA,NA,NA,"2023","6100"
NA,"65 Years and over",NA,"2018","3350"
NA,NA,NA,"2019","3450"
NA,NA,NA,"2020","3600"
NA,NA,NA,"2021","3750"
NA,NA,NA,"2022","3850"
NA,NA,NA,"2023","3950"
"042: Horowhenua district","Total people, age",NA,"2018","34500"
NA,NA,NA,"2019","35100"
NA,NA,NA,"2020","35900"
NA,NA,NA,"2021","36500"
NA,NA,NA,"2022","36900"
NA,NA,NA,"2023","37500"
NA,"15-39 Years",NA,"2018","8800"
NA,NA,NA,"2019","9000"
NA,NA,NA,"2020","9300"
NA,NA,NA,"2021","9500"
NA,NA,NA,"2022","9700"
NA,NA,NA,"2023","10000"
NA,"40-64 Years",NA,"2018","11100"
NA,NA,NA,"2019","11200"
NA,NA,NA,"2020","11200"
NA,NA,NA,"2021","11300"
NA,NA,NA,"2022","11300"
NA,NA,NA,"2023","11300"
NA,"65 Years and over",NA,"2018","8300"
NA,NA,NA,"2019","8600"
NA,NA,NA,"2020","8800"
NA,NA,NA,"2021","9000"
NA,NA,NA,"2022","9200"
NA,NA,NA,"2023","9500"
"043: Kapiti Coast district","Total people, age",NA,"2018","55200"
NA,NA,NA,"2019","56100"
NA,NA,NA,"2020","57200"
NA,NA,NA,"2021","57700"
NA,NA,NA,"2022","57800"
NA,NA,NA,"2023","58400"
NA,"15-39 Years",NA,"2018","13000"
NA,NA,NA,"2019","13300"
NA,NA,NA,"2020","13800"
NA,NA,NA,"2021","13900"
NA,NA,NA,"2022","13900"
NA,NA,NA,"2023","14100"
NA,"40-64 Years",NA,"2018","18500"
NA,NA,NA,"2019","18800"
NA,NA,NA,"2020","19000"
NA,NA,NA,"2021","19200"
NA,NA,NA,"2022","19200"
NA,NA,NA,"2023","19300"
NA,"65 Years and over",NA,"2018","14200"
NA,NA,NA,"2019","14600"
NA,NA,NA,"2020","14900"
NA,NA,NA,"2021","15100"
NA,NA,NA,"2022","15400"
NA,NA,NA,"2023","15700"
"044: Porirua city","Total people, age",NA,"2018","58900"
NA,NA,NA,"2019","59800"
NA,NA,NA,"2020","60600"
NA,NA,NA,"2021","61300"
NA,NA,NA,"2022","61700"
NA,NA,NA,"2023","62400"
NA,"15-39 Years",NA,"2018","19600"
NA,NA,NA,"2019","20000"
NA,NA,NA,"2020","20200"
NA,NA,NA,"2021","20400"
NA,NA,NA,"2022","20600"
NA,NA,NA,"2023","21100"
NA,"40-64 Years",NA,"2018","18700"
NA,NA,NA,"2019","18900"
NA,NA,NA,"2020","19100"
NA,NA,NA,"2021","19300"
NA,NA,NA,"2022","19300"
NA,NA,NA,"2023","19400"
NA,"65 Years and over",NA,"2018","6800"
NA,NA,NA,"2019","7100"
NA,NA,NA,"2020","7400"
NA,NA,NA,"2021","7700"
NA,NA,NA,"2022","7900"
NA,NA,NA,"2023","8200"
"045: Upper Hutt city","Total people, age",NA,"2018","45400"
NA,NA,NA,"2019","46200"
NA,NA,NA,"2020","46800"
NA,NA,NA,"2021","47400"
NA,NA,NA,"2022","47600"
NA,NA,NA,"2023","48300"
NA,"15-39 Years",NA,"2018","14700"
NA,NA,NA,"2019","15000"
NA,NA,NA,"2020","15200"
NA,NA,NA,"2021","15400"
NA,NA,NA,"2022","15500"
NA,NA,NA,"2023","15800"
NA,"40-64 Years",NA,"2018","15300"
NA,NA,NA,"2019","15500"
NA,NA,NA,"2020","15600"
NA,NA,NA,"2021","15600"
NA,NA,NA,"2022","15600"
NA,NA,NA,"2023","15700"
NA,"65 Years and over",NA,"2018","6700"
NA,NA,NA,"2019","6800"
NA,NA,NA,"2020","7000"
NA,NA,NA,"2021","7100"
NA,NA,NA,"2022","7300"
NA,NA,NA,"2023","7500"
"046: Lower Hutt city","Total people, age",NA,"2018","108600"
NA,NA,NA,"2019","109900"
NA,NA,NA,"2020","111800"
NA,NA,NA,"2021","112300"
NA,NA,NA,"2022","112500"
NA,NA,NA,"2023","114000"
NA,"15-39 Years",NA,"2018","37600"
NA,NA,NA,"2019","38200"
NA,NA,NA,"2020","39100"
NA,NA,NA,"2021","39000"
NA,NA,NA,"2022","39000"
NA,NA,NA,"2023","39900"
NA,"40-64 Years",NA,"2018","34800"
NA,NA,NA,"2019","35000"
NA,NA,NA,"2020","35500"
NA,NA,NA,"2021","35700"
NA,NA,NA,"2022","35600"
NA,NA,NA,"2023","35900"
NA,"65 Years and over",NA,"2018","14600"
NA,NA,NA,"2019","14900"
NA,NA,NA,"2020","15400"
NA,NA,NA,"2021","15700"
NA,NA,NA,"2022","16100"
NA,NA,NA,"2023","16500"
"047: Wellington city","Total people, age",NA,"2018","211200"
NA,NA,NA,"2019","212900"
NA,NA,NA,"2020","216500"
NA,NA,NA,"2021","216000"
NA,NA,NA,"2022","213400"
NA,NA,NA,"2023","216200"
NA,"15-39 Years",NA,"2018","91400"
NA,NA,NA,"2019","92800"
NA,NA,NA,"2020","94900"
NA,NA,NA,"2021","94700"
NA,NA,NA,"2022","93600"
NA,NA,NA,"2023","96000"
NA,"40-64 Years",NA,"2018","64600"
NA,NA,NA,"2019","65000"
NA,NA,NA,"2020","65900"
NA,NA,NA,"2021","65900"
NA,NA,NA,"2022","65400"
NA,NA,NA,"2023","65900"
NA,"65 Years and over",NA,"2018","21900"
NA,NA,NA,"2019","22300"
NA,NA,NA,"2020","23100"
NA,NA,NA,"2021","23600"
NA,NA,NA,"2022","23900"
NA,NA,NA,"2023","24500"
"048: Masterton district","Total people, age",NA,"2018","26400"
NA,NA,NA,"2019","26900"
NA,NA,NA,"2020","27700"
NA,NA,NA,"2021","28200"
NA,NA,NA,"2022","28700"
NA,NA,NA,"2023","29100"
NA,"15-39 Years",NA,"2018","7400"
NA,NA,NA,"2019","7600"
NA,NA,NA,"2020","8000"
NA,NA,NA,"2021","8200"
NA,NA,NA,"2022","8300"
NA,NA,NA,"2023","8400"
NA,"40-64 Years",NA,"2018","8500"
NA,NA,NA,"2019","8600"
NA,NA,NA,"2020","8600"
NA,NA,NA,"2021","8700"
NA,NA,NA,"2022","8700"
NA,NA,NA,"2023","8800"
NA,"65 Years and over",NA,"2018","5500"
NA,NA,NA,"2019","5700"
NA,NA,NA,"2020","6000"
NA,NA,NA,"2021","6200"
NA,NA,NA,"2022","6400"
NA,NA,NA,"2023","6600"
"049: Carterton district","Total people, age",NA,"2018","9510"
NA,NA,NA,"2019","9660"
NA,NA,NA,"2020","9890"
NA,NA,NA,"2021","10050"
NA,NA,NA,"2022","10200"
NA,NA,NA,"2023","10250"
NA,"15-39 Years",NA,"2018","2250"
NA,NA,NA,"2019","2270"
NA,NA,NA,"2020","2340"
NA,NA,NA,"2021","2400"
NA,NA,NA,"2022","2400"
NA,NA,NA,"2023","2450"
NA,"40-64 Years",NA,"2018","3350"
NA,NA,NA,"2019","3360"
NA,NA,NA,"2020","3390"
NA,NA,NA,"2021","3450"
NA,NA,NA,"2022","3450"
NA,NA,NA,"2023","3450"
NA,"65 Years and over",NA,"2018","2130"
NA,NA,NA,"2019","2230"
NA,NA,NA,"2020","2340"
NA,NA,NA,"2021","2400"
NA,NA,NA,"2022","2500"
NA,NA,NA,"2023","2600"
"050: South Wairarapa district","Total people, age",NA,"2018","10900"
NA,NA,NA,"2019","11100"
NA,NA,NA,"2020","11400"
NA,NA,NA,"2021","11650"
NA,NA,NA,"2022","11750"
NA,NA,NA,"2023","11900"
NA,"15-39 Years",NA,"2018","2500"
NA,NA,NA,"2019","2550"
NA,NA,NA,"2020","2650"
NA,NA,NA,"2021","2650"
NA,NA,NA,"2022","2650"
NA,NA,NA,"2023","2700"
NA,"40-64 Years",NA,"2018","4100"
NA,NA,NA,"2019","4100"
NA,NA,NA,"2020","4200"
NA,NA,NA,"2021","4250"
NA,NA,NA,"2022","4300"
NA,NA,NA,"2023","4250"
NA,"65 Years and over",NA,"2018","2400"
NA,NA,NA,"2019","2500"
NA,NA,NA,"2020","2600"
NA,NA,NA,"2021","2700"
NA,NA,NA,"2022","2850"
NA,NA,NA,"2023","2900"
"051: Tasman district","Total people, age",NA,"2018","54000"
NA,NA,NA,"2019","54900"
NA,NA,NA,"2020","57300"
NA,NA,NA,"2021","58100"
NA,NA,NA,"2022","58600"
NA,NA,NA,"2023","59400"
NA,"15-39 Years",NA,"2018","13300"
NA,NA,NA,"2019","13700"
NA,NA,NA,"2020","15000"
NA,NA,NA,"2021","15100"
NA,NA,NA,"2022","15200"
NA,NA,NA,"2023","15500"
NA,"40-64 Years",NA,"2018","19900"
NA,NA,NA,"2019","20000"
NA,NA,NA,"2020","20300"
NA,NA,NA,"2021","20500"
NA,NA,NA,"2022","20500"
NA,NA,NA,"2023","20400"
NA,"65 Years and over",NA,"2018","11200"
NA,NA,NA,"2019","11800"
NA,NA,NA,"2020","12400"
NA,NA,NA,"2021","12900"
NA,NA,NA,"2022","13500"
NA,NA,NA,"2023","14100"
"052: Nelson city","Total people, age",NA,"2018","52700"
NA,NA,NA,"2019","53400"
NA,NA,NA,"2020","54900"
NA,NA,NA,"2021","54900"
NA,NA,NA,"2022","55000"
NA,NA,NA,"2023","55600"
NA,"15-39 Years",NA,"2018","15300"
NA,NA,NA,"2019","15600"
NA,NA,NA,"2020","16400"
NA,NA,NA,"2021","16200"
NA,NA,NA,"2022","15900"
NA,NA,NA,"2023","16400"
NA,"40-64 Years",NA,"2018","18200"
NA,NA,NA,"2019","18300"
NA,NA,NA,"2020","18500"
NA,NA,NA,"2021","18400"
NA,NA,NA,"2022","18400"
NA,NA,NA,"2023","18400"
NA,"65 Years and over",NA,"2018","10000"
NA,NA,NA,"2019","10300"
NA,NA,NA,"2020","10800"
NA,NA,NA,"2021","11200"
NA,NA,NA,"2022","11600"
NA,NA,NA,"2023","11800"
"053: Marlborough district","Total people, age",NA,"2018","48700"
NA,NA,NA,"2019","49300"
NA,NA,NA,"2020","51300"
NA,NA,NA,"2021","51600"
NA,NA,NA,"2022","51600"
NA,NA,NA,"2023","52200"
NA,"15-39 Years",NA,"2018","12900"
NA,NA,NA,"2019","13100"
NA,NA,NA,"2020","14400"
NA,NA,NA,"2021","14400"
NA,NA,NA,"2022","14100"
NA,NA,NA,"2023","14500"
NA,"40-64 Years",NA,"2018","16600"
NA,NA,NA,"2019","16700"
NA,NA,NA,"2020","17000"
NA,NA,NA,"2021","17000"
NA,NA,NA,"2022","17000"
NA,NA,NA,"2023","17100"
NA,"65 Years and over",NA,"2018","10800"
NA,NA,NA,"2019","11100"
NA,NA,NA,"2020","11400"
NA,NA,NA,"2021","11700"
NA,NA,NA,"2022","12000"
NA,NA,NA,"2023","12300"
"054: Kaikoura district","Total people, age",NA,"2018","4060"
NA,NA,NA,"2019","4110"
NA,NA,NA,"2020","4200"
NA,NA,NA,"2021","4170"
NA,NA,NA,"2022","4160"
NA,NA,NA,"2023","4230"
NA,"15-39 Years",NA,"2018","1100"
NA,NA,NA,"2019","1090"
NA,NA,NA,"2020","1110"
NA,NA,NA,"2021","1060"
NA,NA,NA,"2022","1030"
NA,NA,NA,"2023","1060"
NA,"40-64 Years",NA,"2018","1450"
NA,NA,NA,"2019","1440"
NA,NA,NA,"2020","1440"
NA,NA,NA,"2021","1420"
NA,NA,NA,"2022","1390"
NA,NA,NA,"2023","1400"
NA,"65 Years and over",NA,"2018","850"
NA,NA,NA,"2019","920"
NA,NA,NA,"2020","970"
NA,NA,NA,"2021","1010"
NA,NA,NA,"2022","1070"
NA,NA,NA,"2023","1100"
"055: Buller district","Total people, age",NA,"2018","9850"
NA,NA,NA,"2019","9760"
NA,NA,NA,"2020","9770"
NA,NA,NA,"2021","9850"
NA,NA,NA,"2022","9720"
NA,NA,NA,"2023","9670"
NA,"15-39 Years",NA,"2018","2240"
NA,NA,NA,"2019","2170"
NA,NA,NA,"2020","2160"
NA,NA,NA,"2021","2110"
NA,NA,NA,"2022","2010"
NA,NA,NA,"2023","1970"
NA,"40-64 Years",NA,"2018","3750"
NA,NA,NA,"2019","3650"
NA,NA,NA,"2020","3570"
NA,NA,NA,"2021","3560"
NA,NA,NA,"2022","3480"
NA,NA,NA,"2023","3400"
NA,"65 Years and over",NA,"2018","2250"
NA,NA,NA,"2019","2400"
NA,NA,NA,"2020","2560"
NA,NA,NA,"2021","2730"
NA,NA,NA,"2022","2820"
NA,NA,NA,"2023","2940"
"056: Grey district","Total people, age",NA,"2018","13750"
NA,NA,NA,"2019","13850"
NA,NA,NA,"2020","14100"
NA,NA,NA,"2021","14150"
NA,NA,NA,"2022","14250"
NA,NA,NA,"2023","14250"
NA,"15-39 Years",NA,"2018","3750"
NA,NA,NA,"2019","3800"
NA,NA,NA,"2020","3900"
NA,NA,NA,"2021","3900"
NA,NA,NA,"2022","3950"
NA,NA,NA,"2023","4000"
NA,"40-64 Years",NA,"2018","4900"
NA,NA,NA,"2019","4800"
NA,NA,NA,"2020","4850"
NA,NA,NA,"2021","4800"
NA,NA,NA,"2022","4750"
NA,NA,NA,"2023","4650"
NA,"65 Years and over",NA,"2018","2500"
NA,NA,NA,"2019","2600"
NA,NA,NA,"2020","2700"
NA,NA,NA,"2021","2800"
NA,NA,NA,"2022","2900"
NA,NA,NA,"2023","2950"
"057: Westland district","Total people, age",NA,"2018","8830"
NA,NA,NA,"2019","8830"
NA,NA,NA,"2020","8910"
NA,NA,NA,"2021","8860"
NA,NA,NA,"2022","8810"
NA,NA,NA,"2023","8940"
NA,"15-39 Years",NA,"2018","2580"
NA,NA,NA,"2019","2550"
NA,NA,NA,"2020","2570"
NA,NA,NA,"2021","2500"
NA,NA,NA,"2022","2450"
NA,NA,NA,"2023","2550"
NA,"40-64 Years",NA,"2018","3220"
NA,NA,NA,"2019","3210"
NA,NA,NA,"2020","3200"
NA,NA,NA,"2021","3180"
NA,NA,NA,"2022","3150"
NA,NA,NA,"2023","3150"
NA,"65 Years and over",NA,"2018","1580"
NA,NA,NA,"2019","1640"
NA,NA,NA,"2020","1700"
NA,NA,NA,"2021","1760"
NA,NA,NA,"2022","1820"
NA,NA,NA,"2023","1910"
"058: Hurunui district","Total people, age",NA,"2018","12950"
NA,NA,NA,"2019","13100"
NA,NA,NA,"2020","13450"
NA,NA,NA,"2021","13500"
NA,NA,NA,"2022","13600"
NA,NA,NA,"2023","13800"
NA,"15-39 Years",NA,"2018","3400"
NA,NA,NA,"2019","3400"
NA,NA,NA,"2020","3600"
NA,NA,NA,"2021","3500"
NA,NA,NA,"2022","3500"
NA,NA,NA,"2023","3600"
NA,"40-64 Years",NA,"2018","4550"
NA,NA,NA,"2019","4550"
NA,NA,NA,"2020","4550"
NA,NA,NA,"2021","4600"
NA,NA,NA,"2022","4550"
NA,NA,NA,"2023","4550"
NA,"65 Years and over",NA,"2018","2550"
NA,NA,NA,"2019","2650"
NA,NA,NA,"2020","2800"
NA,NA,NA,"2021","2950"
NA,NA,NA,"2022","3100"
NA,NA,NA,"2023","3200"
"059: Waimakariri district","Total people, age",NA,"2018","61300"
NA,NA,NA,"2019","62800"
NA,NA,NA,"2020","64700"
NA,NA,NA,"2021","66200"
NA,NA,NA,"2022","67500"
NA,NA,NA,"2023","69000"
NA,"15-39 Years",NA,"2018","16700"
NA,NA,NA,"2019","17100"
NA,NA,NA,"2020","17700"
NA,NA,NA,"2021","18200"
NA,NA,NA,"2022","18500"
NA,NA,NA,"2023","19100"
NA,"40-64 Years",NA,"2018","21600"
NA,NA,NA,"2019","21900"
NA,NA,NA,"2020","22300"
NA,NA,NA,"2021","22500"
NA,NA,NA,"2022","22800"
NA,NA,NA,"2023","23000"
NA,"65 Years and over",NA,"2018","11500"
NA,NA,NA,"2019","12200"
NA,NA,NA,"2020","12900"
NA,NA,NA,"2021","13600"
NA,NA,NA,"2022","14200"
NA,NA,NA,"2023","14800"
"060: Christchurch city","Total people, age",NA,"2018","383800"
NA,NA,NA,"2019","387200"
NA,NA,NA,"2020","391600"
NA,NA,NA,"2021","391200"
NA,NA,NA,"2022","390500"
NA,NA,NA,"2023","396200"
NA,"15-39 Years",NA,"2018","142200"
NA,NA,NA,"2019","144000"
NA,NA,NA,"2020","145800"
NA,NA,NA,"2021","144400"
NA,NA,NA,"2022","143700"
NA,NA,NA,"2023","147700"
NA,"40-64 Years",NA,"2018","119800"
NA,NA,NA,"2019","119900"
NA,NA,NA,"2020","120800"
NA,NA,NA,"2021","120500"
NA,NA,NA,"2022","120100"
NA,NA,NA,"2023","120900"
NA,"65 Years and over",NA,"2018","56600"
NA,NA,NA,"2019","57900"
NA,NA,NA,"2020","59500"
NA,NA,NA,"2021","61000"
NA,NA,NA,"2022","62100"
NA,NA,NA,"2023","62800"
"062: Selwyn district","Total people, age",NA,"2018","63300"
NA,NA,NA,"2019","66300"
NA,NA,NA,"2020","70300"
NA,NA,NA,"2021","73800"
NA,NA,NA,"2022","77300"
NA,NA,NA,"2023","81300"
NA,"15-39 Years",NA,"2018","20100"
NA,NA,NA,"2019","21300"
NA,NA,NA,"2020","22900"
NA,NA,NA,"2021","24000"
NA,NA,NA,"2022","25200"
NA,NA,NA,"2023","26800"
NA,"40-64 Years",NA,"2018","22100"
NA,NA,NA,"2019","22900"
NA,NA,NA,"2020","24000"
NA,NA,NA,"2021","25000"
NA,NA,NA,"2022","26000"
NA,NA,NA,"2023","27100"
NA,"65 Years and over",NA,"2018","7300"
NA,NA,NA,"2019","7800"
NA,NA,NA,"2020","8400"
NA,NA,NA,"2021","9100"
NA,NA,NA,"2022","9800"
NA,NA,NA,"2023","10500"
"063: Ashburton district","Total people, age",NA,"2018","34600"
NA,NA,NA,"2019","34900"
NA,NA,NA,"2020","35700"
NA,NA,NA,"2021","35800"
NA,NA,NA,"2022","36100"
NA,NA,NA,"2023","36800"
NA,"15-39 Years",NA,"2018","10900"
NA,NA,NA,"2019","11100"
NA,NA,NA,"2020","11500"
NA,NA,NA,"2021","11500"
NA,NA,NA,"2022","11600"
NA,NA,NA,"2023","12100"
NA,"40-64 Years",NA,"2018","10700"
NA,NA,NA,"2019","10600"
NA,NA,NA,"2020","10700"
NA,NA,NA,"2021","10700"
NA,NA,NA,"2022","10700"
NA,NA,NA,"2023","10700"
NA,"65 Years and over",NA,"2018","6100"
NA,NA,NA,"2019","6200"
NA,NA,NA,"2020","6400"
NA,NA,NA,"2021","6600"
NA,NA,NA,"2022","6800"
NA,NA,NA,"2023","6900"
"064: Timaru district","Total people, age",NA,"2018","47600"
NA,NA,NA,"2019","47900"
NA,NA,NA,"2020","48300"
NA,NA,NA,"2021","48500"
NA,NA,NA,"2022","48500"
NA,NA,NA,"2023","48900"
NA,"15-39 Years",NA,"2018","13100"
NA,NA,NA,"2019","13200"
NA,NA,NA,"2020","13500"
NA,NA,NA,"2021","13500"
NA,NA,NA,"2022","13600"
NA,NA,NA,"2023","13900"
NA,"40-64 Years",NA,"2018","15800"
NA,NA,NA,"2019","15800"
NA,NA,NA,"2020","15700"
NA,NA,NA,"2021","15600"
NA,NA,NA,"2022","15500"
NA,NA,NA,"2023","15400"
NA,"65 Years and over",NA,"2018","10300"
NA,NA,NA,"2019","10500"
NA,NA,NA,"2020","10600"
NA,NA,NA,"2021","10900"
NA,NA,NA,"2022","11000"
NA,NA,NA,"2023","11200"
"065: Mackenzie district","Total people, age",NA,"2018","5100"
NA,NA,NA,"2019","5280"
NA,NA,NA,"2020","5440"
NA,NA,NA,"2021","5440"
NA,NA,NA,"2022","5490"
NA,NA,NA,"2023","5690"
NA,"15-39 Years",NA,"2018","1720"
NA,NA,NA,"2019","1830"
NA,NA,NA,"2020","1870"
NA,NA,NA,"2021","1830"
NA,NA,NA,"2022","1820"
NA,NA,NA,"2023","1990"
NA,"40-64 Years",NA,"2018","1710"
NA,NA,NA,"2019","1740"
NA,NA,NA,"2020","1790"
NA,NA,NA,"2021","1800"
NA,NA,NA,"2022","1780"
NA,NA,NA,"2023","1810"
NA,"65 Years and over",NA,"2018","830"
NA,NA,NA,"2019","860"
NA,NA,NA,"2020","900"
NA,NA,NA,"2021","940"
NA,NA,NA,"2022","1000"
NA,NA,NA,"2023","1020"
"066: Waimate district","Total people, age",NA,"2018","8120"
NA,NA,NA,"2019","8180"
NA,NA,NA,"2020","8270"
NA,NA,NA,"2021","8270"
NA,NA,NA,"2022","8300"
NA,NA,NA,"2023","8400"
NA,"15-39 Years",NA,"2018","2100"
NA,NA,NA,"2019","2150"
NA,NA,NA,"2020","2180"
NA,NA,NA,"2021","2120"
NA,NA,NA,"2022","2140"
NA,NA,NA,"2023","2230"
NA,"40-64 Years",NA,"2018","2810"
NA,NA,NA,"2019","2800"
NA,NA,NA,"2020","2810"
NA,NA,NA,"2021","2810"
NA,NA,NA,"2022","2790"
NA,NA,NA,"2023","2780"
NA,"65 Years and over",NA,"2018","1820"
NA,NA,NA,"2019","1880"
NA,NA,NA,"2020","1920"
NA,NA,NA,"2021","1980"
NA,NA,NA,"2022","2020"
NA,NA,NA,"2023","2050"
"067: Chatham Islands territory","Total people, age",NA,"2018","690"
NA,NA,NA,"2019","710"
NA,NA,NA,"2020","750"
NA,NA,NA,"2021","740"
NA,NA,NA,"2022","740"
NA,NA,NA,"2023","730"
NA,"15-39 Years",NA,"2018","220"
NA,NA,NA,"2019","240"
NA,NA,NA,"2020","250"
NA,NA,NA,"2021","240"
NA,NA,NA,"2022","240"
NA,NA,NA,"2023","250"
NA,"40-64 Years",NA,"2018","260"
NA,NA,NA,"2019","260"
NA,NA,NA,"2020","270"
NA,NA,NA,"2021","270"
NA,NA,NA,"2022","260"
NA,NA,NA,"2023","250"
NA,"65 Years and over",NA,"2018","90"
NA,NA,NA,"2019","90"
NA,NA,NA,"2020","100"
NA,NA,NA,"2021","100"
NA,NA,NA,"2022","110"
NA,NA,NA,"2023","120"
"068: Waitaki district","Total people, age",NA,"2018","22900"
NA,NA,NA,"2019","23200"
NA,NA,NA,"2020","23700"
NA,NA,NA,"2021","23800"
NA,NA,NA,"2022","24000"
NA,NA,NA,"2023","24300"
NA,"15-39 Years",NA,"2018","6000"
NA,NA,NA,"2019","6200"
NA,NA,NA,"2020","6500"
NA,NA,NA,"2021","6500"
NA,NA,NA,"2022","6600"
NA,NA,NA,"2023","6900"
NA,"40-64 Years",NA,"2018","7600"
NA,NA,NA,"2019","7600"
NA,NA,NA,"2020","7600"
NA,NA,NA,"2021","7700"
NA,NA,NA,"2022","7700"
NA,NA,NA,"2023","7700"
NA,"65 Years and over",NA,"2018","5200"
NA,NA,NA,"2019","5300"
NA,NA,NA,"2020","5400"
NA,NA,NA,"2021","5500"
NA,NA,NA,"2022","5600"
NA,NA,NA,"2023","5700"
"069: Central Otago district","Total people, age",NA,"2018","22200"
NA,NA,NA,"2019","23000"
NA,NA,NA,"2020","24300"
NA,NA,NA,"2021","24700"
NA,NA,NA,"2022","25400"
NA,NA,NA,"2023","26000"
NA,"15-39 Years",NA,"2018","5800"
NA,NA,NA,"2019","6100"
NA,NA,NA,"2020","6800"
NA,NA,NA,"2021","6900"
NA,NA,NA,"2022","7000"
NA,NA,NA,"2023","7200"
NA,"40-64 Years",NA,"2018","7800"
NA,NA,NA,"2019","8000"
NA,NA,NA,"2020","8200"
NA,NA,NA,"2021","8300"
NA,NA,NA,"2022","8500"
NA,NA,NA,"2023","8600"
NA,"65 Years and over",NA,"2018","5000"
NA,NA,NA,"2019","5200"
NA,NA,NA,"2020","5500"
NA,NA,NA,"2021","5700"
NA,NA,NA,"2022","5900"
NA,NA,NA,"2023","6200"
"070: Queenstown-Lakes district","Total people, age",NA,"2018","42500"
NA,NA,NA,"2019","44800"
NA,NA,NA,"2020","47700"
NA,NA,NA,"2021","48200"
NA,NA,NA,"2022","48900"
NA,NA,NA,"2023","52800"
NA,"15-39 Years",NA,"2018","19100"
NA,NA,NA,"2019","20500"
NA,NA,NA,"2020","22000"
NA,NA,NA,"2021","21400"
NA,NA,NA,"2022","21200"
NA,NA,NA,"2023","24000"
NA,"40-64 Years",NA,"2018","12300"
NA,NA,NA,"2019","12900"
NA,NA,NA,"2020","13600"
NA,NA,NA,"2021","14100"
NA,NA,NA,"2022","14500"
NA,NA,NA,"2023","15100"
NA,"65 Years and over",NA,"2018","4300"
NA,NA,NA,"2019","4500"
NA,NA,NA,"2020","4900"
NA,NA,NA,"2021","5200"
NA,NA,NA,"2022","5500"
NA,NA,NA,"2023","5800"
"071: Dunedin city","Total people, age",NA,"2018","131200"
NA,NA,NA,"2019","132100"
NA,NA,NA,"2020","132800"
NA,NA,NA,"2021","133100"
NA,NA,NA,"2022","133100"
NA,NA,NA,"2023","134600"
NA,"15-39 Years",NA,"2018","50600"
NA,NA,NA,"2019","50800"
NA,NA,NA,"2020","50700"
NA,NA,NA,"2021","50700"
NA,NA,NA,"2022","50600"
NA,NA,NA,"2023","51500"
NA,"40-64 Years",NA,"2018","39700"
NA,NA,NA,"2019","39700"
NA,NA,NA,"2020","39800"
NA,NA,NA,"2021","39600"
NA,NA,NA,"2022","39400"
NA,NA,NA,"2023","39500"
NA,"65 Years and over",NA,"2018","20700"
NA,NA,NA,"2019","21400"
NA,NA,NA,"2020","22100"
NA,NA,NA,"2021","22800"
NA,NA,NA,"2022","23300"
NA,NA,NA,"2023","23700"
"072: Clutha district","Total people, age",NA,"2018","18050"
NA,NA,NA,"2019","18150"
NA,NA,NA,"2020","18450"
NA,NA,NA,"2021","18500"
NA,NA,NA,"2022","18650"
NA,NA,NA,"2023","18900"
NA,"15-39 Years",NA,"2018","5100"
NA,NA,NA,"2019","5150"
NA,NA,NA,"2020","5300"
NA,NA,NA,"2021","5300"
NA,NA,NA,"2022","5400"
NA,NA,NA,"2023","5500"
NA,"40-64 Years",NA,"2018","6400"
NA,NA,NA,"2019","6400"
NA,NA,NA,"2020","6400"
NA,NA,NA,"2021","6350"
NA,NA,NA,"2022","6300"
NA,NA,NA,"2023","6250"
NA,"65 Years and over",NA,"2018","3150"
NA,NA,NA,"2019","3200"
NA,NA,NA,"2020","3350"
NA,NA,NA,"2021","3450"
NA,NA,NA,"2022","3550"
NA,NA,NA,"2023","3700"
"073: Southland district","Total people, age",NA,"2018","31900"
NA,NA,NA,"2019","32200"
NA,NA,NA,"2020","32600"
NA,NA,NA,"2021","32600"
NA,NA,NA,"2022","32600"
NA,NA,NA,"2023","33000"
NA,"15-39 Years",NA,"2018","9700"
NA,NA,NA,"2019","9800"
NA,NA,NA,"2020","10000"
NA,NA,NA,"2021","9900"
NA,NA,NA,"2022","9700"
NA,NA,NA,"2023","10000"
NA,"40-64 Years",NA,"2018","10800"
NA,NA,NA,"2019","10800"
NA,NA,NA,"2020","10900"
NA,NA,NA,"2021","10800"
NA,NA,NA,"2022","10800"
NA,NA,NA,"2023","10800"
NA,"65 Years and over",NA,"2018","4700"
NA,NA,NA,"2019","4900"
NA,NA,NA,"2020","5200"
NA,NA,NA,"2021","5400"
NA,NA,NA,"2022","5600"
NA,NA,NA,"2023","5800"
"074: Gore district","Total people, age",NA,"2018","12800"
NA,NA,NA,"2019","12850"
NA,NA,NA,"2020","13000"
NA,NA,NA,"2021","12950"
NA,NA,NA,"2022","13000"
NA,NA,NA,"2023","13050"
NA,"15-39 Years",NA,"2018","3550"
NA,NA,NA,"2019","3600"
NA,NA,NA,"2020","3700"
NA,NA,NA,"2021","3700"
NA,NA,NA,"2022","3750"
NA,NA,NA,"2023","3850"
NA,"40-64 Years",NA,"2018","4300"
NA,NA,NA,"2019","4300"
NA,NA,NA,"2020","4300"
NA,NA,NA,"2021","4250"
NA,NA,NA,"2022","4200"
NA,NA,NA,"2023","4150"
NA,"65 Years and over",NA,"2018","2550"
NA,NA,NA,"2019","2600"
NA,NA,NA,"2020","2600"
NA,NA,NA,"2021","2700"
NA,NA,NA,"2022","2750"
NA,NA,NA,"2023","2800"
"075: Invercargill city","Total people, age",NA,"2018","55900"
NA,NA,NA,"2019","56600"
NA,NA,NA,"2020","57200"
NA,NA,NA,"2021","56900"
NA,NA,NA,"2022","56900"
NA,NA,NA,"2023","57900"
NA,"15-39 Years",NA,"2018","17800"
NA,NA,NA,"2019","18000"
NA,NA,NA,"2020","18400"
NA,NA,NA,"2021","18100"
NA,NA,NA,"2022","18000"
NA,NA,NA,"2023","18600"
NA,"40-64 Years",NA,"2018","17800"
NA,NA,NA,"2019","17900"
NA,NA,NA,"2020","18000"
NA,NA,NA,"2021","17900"
NA,NA,NA,"2022","17900"
NA,NA,NA,"2023","18100"
NA,"65 Years and over",NA,"2018","9500"
NA,NA,NA,"2019","9700"
NA,NA,NA,"2020","10000"
NA,NA,NA,"2021","10200"
NA,NA,NA,"2022","10400"
NA,NA,NA,"2023","10700"
"999: Area outside territorial authority","Total people, age",NA,"2018","40"
NA,NA,NA,"2019","40"
NA,NA,NA,"2020","40"
NA,NA,NA,"2021","40"
NA,NA,NA,"2022","40"
NA,NA,NA,"2023","40"
NA,"15-39 Years",NA,"2018","10"
NA,NA,NA,"2019","10"
NA,NA,NA,"2020","10"
NA,NA,NA,"2021","10"
NA,NA,NA,"2022","10"
NA,NA,NA,"2023","10"
NA,"40-64 Years",NA,"2018","10"
NA,NA,NA,"2019","10"
NA,NA,NA,"2020","10"
NA,NA,NA,"2021","10"
NA,NA,NA,"2022","10"
NA,NA,NA,"2023","10"
NA,"65 Years and over",NA,"2018","10"
NA,NA,NA,"2019","10"
NA,NA,NA,"2020","10"
NA,NA,NA,"2021","10"
NA,NA,NA,"2022","10"
NA,NA,NA,"2023","10"
"data extracted on 06 May 2024 23:24 UTC (GMT) from NZ.Stat",NA,NA,NA,NA
